First Name,Last Name,Company Name,Email,Business Number,Business Number 2,Business Fax,Mobile,Mobile 2,Home,Home 2,Home Fax,Other,ZIP Code,Street,City,State,Country
Personal_Frist1,Last1,,,13500990000,,,,,,,,,,,,,
Personal_Frist2,Last2,,,13500990001,,,,,,,,,,,,,
Personal_Frist3,Last3,,,13500990002,,,,,,,,,,,,,
Personal_Frist4,Last4,,,13500990003,,,,,,,,,,,,,
Personal_Frist5,Last5,,,13500990004,,,,,,,,,,,,,
Personal_Frist6,Last6,,,13500990005,,,,,,,,,,,,,
Personal_Frist7,Last7,,,13500990006,,,,,,,,,,,,,
Personal_Frist8,Last8,,,13500990007,,,,,,,,,,,,,
Personal_Frist9,Last9,,,13500990008,,,,,,,,,,,,,
